Proteom of Severe acute respiratory syndrome coronavirus 2; MOT - Protein name/Organism/Uniprot ID
Spike glycoprotein; MOTs
 ;RRARSVAS - Amiloride-sensitive sodium channel subunit alpha/Homo sapiens/P37088
 ;DEDDSEPV - Unconventional myosin-XVI/Homo sapiens/Q9Y6X6
Replicase polyprotein 1ab; MOTs
 ;EVEKGVLP - Bifunctional heparan sulfate N-deacetylase/N-sulfotransferase 1/Homo sapiens/P52848
 ;ESGLKTIL - Annexin A7/Homo sapiens/P20073
 ;REETGLLM - Estrogen-related receptor gamma/Homo sapiens/K7EM35
 ;GGSCVLSG - Sorting nexin-27/Homo sapiens/A0A2R8Y871
 ;DIQLLKSA - Echinoderm microtubule-associated protein-like 1/Homo sapiens/O00423
 ;RRSFYVYA - Transmembrane protein adipocyte-associated 1/Homo sapiens/Q86W33
 ;AKKNNLPF - Acyl-CoA:lysophosphatidylglycerol acyltransferase 1/Homo sapiens/Q92604
 ;YNYEPLTQ - DNA helicase MCM8/Homo sapiens/Q9UJA3
 ;SLKELLQN - Centromere protein I/Homo sapiens/Q92674
 ;DTSLSGFK - Solute carrier family 12 member 7/Homo sapiens/Q9Y666
 ;PEANMDQE - Arachidonate 5-lipoxygenase-activating protein/Homo sapiens/A0A087WW23
 ;PGSGVPVV - Peptidyl-glycine alpha-amidating monooxygenase/Homo sapiens/P19021
 ;QGPPGTGK - NFX1-type zinc finger-containing protein 1/Homo sapiens/Q9P2E3
 ;NVAITRAK - DNA replication ATP-dependent helicase/nuclease DNA2/Homo sapiens/P51530
 ;RYPANSIV - Brain protein I3/Homo sapiens/O95415
 ;VTLIGEAV - 6-phosphogluconate dehydrogenase, decarboxylating/Homo sapiens/P52209
Envelope small membrane protein; MOTs
 ;VNSVLLFL - Ran-binding protein 6/Homo sapiens/O60518
Replicase polyprotein 1a; MOTs
 ;EVEKGVLP - Bifunctional heparan sulfate N-deacetylase/N-sulfotransferase 1/Homo sapiens/P52848
 ;ESGLKTIL - Annexin A7/Homo sapiens/P20073
 ;REETGLLM - Estrogen-related receptor gamma/Homo sapiens/K7EM35
 ;GGSCVLSG - Sorting nexin-27/Homo sapiens/A0A2R8Y871
 ;DIQLLKSA - Echinoderm microtubule-associated protein-like 1/Homo sapiens/O00423
 ;RRSFYVYA - Transmembrane protein adipocyte-associated 1/Homo sapiens/Q86W33
 ;AKKNNLPF - Acyl-CoA:lysophosphatidylglycerol acyltransferase 1/Homo sapiens/Q92604
 ;YNYEPLTQ - DNA helicase MCM8/Homo sapiens/Q9UJA3
 ;SLKELLQN - Centromere protein I/Homo sapiens/Q92674
 ;DTSLSGFK - Solute carrier family 12 member 7/Homo sapiens/Q9Y666
 ;PEANMDQE - Arachidonate 5-lipoxygenase-activating protein/Homo sapiens/A0A087WW23
ORF9b protein; MOTs
 ;LVDPQIQL - Valine--tRNA ligase, mitochondrial/Homo sapiens/Q5ST30
 ;ELPDEFVV - Maestro heat-like repeat-containing protein family member 2B/Homo sapiens/Q7Z745
